chaveTituloAno	ano	autor	instituicao	cidade	cidadeReconciliada	latitude	longitude	estado	pais
aadfne2022	2022	Fabio Castro Gouveia	UFRJ	Rio de Janeiro	Rio de Janeiro	-22.91111111111111	-43.205555555555556	RJ	Brasil
aadfne2022	2022	Skrol Salustiano	UFRJ	Rio de Janeiro	Rio de Janeiro	-22.91111111111111	-43.205555555555556	RJ	Brasil
adrdcd2022	2022	Fernanda Silva Coimbra	CEFET-MG	Belo Horizonte	Belo Horizonte	-19.928055555555556	-43.941944444444445	MG	Brasil
adrdcd2022	2022	Ronaldo Ferreira de Araújo	UFAL	Maceió	Maceió	-9.6658333333333	-35.735	AL	Brasil
adrdcd2022	2022	Thiago Magela Rodrigues Dias	CEFET-MG	Belo Horizonte	Belo Horizonte	-19.928055555555556	-43.941944444444445	MG	Brasil
ai4sop2022	2022	Jacqueline Zonichenn Reis	UNIP	São Paulo	São Paulo	-23.550394444444	-46.633947222222	SP	Brasil
ardodc2022	2022	Ana Cristina de Albuquerque	UEL	Londrina	Londrina	-23.31	-51.162777777778	PR	Brasil
ardodc2022	2022	Ania Rosa Hernandez Quintana	Universidad de La Habana	Havana	Havana	23.136666666667	-82.358888888889		Cuba
ardodc2022	2022	Marcos Antonio de Moraes	UEL	Londrina	Londrina	-23.31	-51.162777777778	PR	Brasil
awsanr2022	2022	Alessandra Monteiro Pattuzzo Caetano	UFES	Vitória	Vitoria	-20.310555555555556	-40.297222222222224	ES	Brasil
awsanr2022	2022	Henrique Monteiro Cristovão	UFES	Vitória	Vitoria	-20.310555555555556	-40.297222222222224	ES	Brasil
awsanr2022	2022	Stella Schwanz Dias de Assis	UFES	Vitória	Vitoria	-20.310555555555556	-40.297222222222224	ES	Brasil
bmtfda2022	2022	Dalton Lopes Martins	UnB	Brasília	Brasília	-15.793888888889	-47.882777777778	DF	Brasil
bmtfda2022	2022	Joyce Siqueira	UnB	Brasília	Brasília	-15.793888888889	-47.882777777778	DF	Brasil
bmtfda2022	2022	Vinícius Nunes Medeiros	Tainacan	Brasília	Brasília	-15.793888888889	-47.882777777778	DF	Brasil
cadapn2022	2022	Fábio Parra Furlanete	UEL	Londrina	Londrina	-23.31	-51.162777777778	PR	Brasil
cadapn2022	2022	José Eduardo Santarem Segundo	USP	São Paulo	São Paulo	-23.550394444444	-46.633947222222	SP	Brasil
cadapn2022	2022	Liliane Cristina Soares Sousa	UEL	Londrina	Londrina	-23.31	-51.162777777778	PR	Brasil
cddurd2022	2022	Aurea Celeste Pires de Souza	UEL	Londrina	Londrina	-23.31	-51.162777777778	PR	Brasil
cddurd2022	2022	Clarice Luzia Casoni	UEL	Londrina	Londrina	-23.31	-51.162777777778	PR	Brasil
cddurd2022	2022	José Eduardo Santarem Segundo	USP	São Paulo	São Paulo	-23.550394444444	-46.633947222222	SP	Brasil
cddurd2022	2022	Merabe Carvalho Ferreira da Gama	UEL	Londrina	Londrina	-23.31	-51.162777777778	PR	Brasil
cecdvb2022	2022	Ana Clara Cândido	UFSC	Florianópolis	Florianópolis	-27.593280555556	-48.553047222222	SC	Brasil
cecdvb2022	2022	Nathalia Berger Werlang	UFSC	Florianópolis	Florianópolis	-27.593280555556	-48.553047222222	SC	Brasil
cecdvb2022	2022	Priscila Machado Borges Sena	IBICT	Brasília	Brasília	-15.793888888889	-47.882777777778	DF	Brasil
cinddc2022	2022	Gercina Ângela de Lima	UFMG	Belo Horizonte	Belo Horizonte	-19.928055555555556	-43.941944444444445	MG	Brasil
cinddc2022	2022	Rafael Rocha	UFMG	Belo Horizonte	Belo Horizonte	-19.928055555555556	-43.941944444444445	MG	Brasil
daràmi2022	2022	Diego José Macedo	IBICT	Brasília	Brasília	-15.793888888889	-47.882777777778	DF	Brasil
daràmi2022	2022	Maison Roberto M. Gonçalves	IBICT	Brasília	Brasília	-15.793888888889	-47.882777777778	DF	Brasil
daràmi2022	2022	Milton Shintaku	IBICT	Brasília	Brasília	-15.793888888889	-47.882777777778	DF	Brasil
daràmi2022	2022	Rosilene Paiva Marinho de Sousa	IBICT	Brasília	Brasília	-15.793888888889	-47.882777777778	DF	Brasil
ddcaàb2022	2022	Henrique Monteiro Cristovão	UFES	Vitória	Vitoria	-20.310555555555556	-40.297222222222224	ES	Brasil
ddcaàb2022	2022	Lucas Vale	UFES	Vitória	Vitoria	-20.310555555555556	-40.297222222222224	ES	Brasil
ddfure2022	2022	Alexandre Rodrigues Loureiros	UFES	Vitória	Vitoria	-20.310555555555556	-40.297222222222224	ES	Brasil
ddfure2022	2022	Flávio Miguel Varejão	UFES	Vitória	Vitoria	-20.310555555555556	-40.297222222222224	ES	Brasil
ddfure2022	2022	Igor Varejão	UFES	Vitória	Vitoria	-20.310555555555556	-40.297222222222224	ES	Brasil
ddfure2022	2022	Thiago Olivera dos Santos	UFES	Vitória	Vitoria	-20.310555555555556	-40.297222222222224	ES	Brasil
ddreeb2022	2022	Daniela Lucas da Silva Lemos	UFES	Vitória	Vitoria	-20.310555555555556	-40.297222222222224	ES	Brasil
ddreeb2022	2022	Henrique Monteiro Cristovão	UFES	Vitória	Vitoria	-20.310555555555556	-40.297222222222224	ES	Brasil
ddreeb2022	2022	Juliana Rodrigues de Lima Meirelles	UFES	Vitória	Vitoria	-20.310555555555556	-40.297222222222224	ES	Brasil
ddvdfd2022	2022	Flávio Miguel Varejão	UFES	Vitória	Vitoria	-20.310555555555556	-40.297222222222224	ES	Brasil
ddvdfd2022	2022	Jordana Lucia Reis	UFES	Vitória	Vitoria	-20.310555555555556	-40.297222222222224	ES	Brasil
hfbewp2022	2022	Alexandre Augusto Gimenes Marquez Filho	UFSC	Florianópolis	Florianópolis	-27.593280555556	-48.553047222222	SC	Brasil
hfbewp2022	2022	Douglas Dyllon Jeronimo de Macedo	UFSC	Florianópolis	Florianópolis	-27.593280555556	-48.553047222222	SC	Brasil
hfbewp2022	2022	Márcio José Sembay	UFSC	Florianópolis	Florianópolis	-27.593280555556	-48.553047222222	SC	Brasil
idaàlg2022	2022	Giovanni Comarela	UFES	Vitória	Vitoria	-20.310555555555556	-40.297222222222224	ES	Brasil
idaàlg2022	2022	Leandro Furlam Turi	UFES	Vitória	Vitoria	-20.310555555555556	-40.297222222222224	ES	Brasil
iuppob2022	2022	Diego José Macedo	IBICT	Brasília	Brasília	-15.793888888889	-47.882777777778	DF	Brasil
iuppob2022	2022	Ítalo Barbosa Brasileiro	IBICT	Brasília	Brasília	-15.793888888889	-47.882777777778	DF	Brasil
iuppob2022	2022	Milton Shintaku	IBICT	Brasília	Brasília	-15.793888888889	-47.882777777778	DF	Brasil
ldeann2022	2022	Meri Nadia Marques Gerlin	UFES	Vitória	Vitoria	-20.310555555555556	-40.297222222222224	ES	Brasil
ldeann2022	2022	Stella Schwanz Dias de Assis	UFES	Vitória	Vitoria	-20.310555555555556	-40.297222222222224	ES	Brasil
máncdi2022	2022	Patrícia Nascimento Silva	UFMG	Belo Horizonte	Belo Horizonte	-19.928055555555556	-43.941944444444445	MG	Brasil
mdphmd2022	2022	Ívina Flores Melo	IBICT	Brasília	Brasília	-15.793888888889	-47.882777777778	DF	Brasil
mdphmd2022	2022	Tatiana Canelhas	IBICT	Brasília	Brasília	-15.793888888889	-47.882777777778	DF	Brasil
mdphmd2022	2022	Tiago Emmanuel Nunes Braga	IBICT	Brasília	Brasília	-15.793888888889	-47.882777777778	DF	Brasil
mpceaa2022	2022	Aline Cristina Gomes Ramos	FGV	Vitória	Vitoria	-20.310555555555556	-40.297222222222224	ES	Brasil
mpceaa2022	2022	Daniela Lucas da Silva Lemos	UFES	Vitória	Vitoria	-20.310555555555556	-40.297222222222224	ES	Brasil
ododac2022	2022	Henrique Monteiro Cristovão	UFES	Vitória	Vitoria	-20.310555555555556	-40.297222222222224	ES	Brasil
ododac2022	2022	Viviane Bessa Lopes Alvarenga	UFES	Vitória	Vitoria	-20.310555555555556	-40.297222222222224	ES	Brasil
pcecdi2022	2022	Patrícia Ofélia Pereira de Almeida	UEL	Londrina	Londrina	-23.31	-51.162777777778	PR	Brasil
pcecdi2022	2022	Patrick Stacy Meyer	UEL	Londrina	Londrina	-23.31	-51.162777777778	PR	Brasil
pcfddp2022	2022	Raulivan Rodrigo da Silva	CEFET-MG	Belo Horizonte	Belo Horizonte	-19.928055555555556	-43.941944444444445	MG	Brasil
pcfddp2022	2022	Thiago Magela Rodrigues Dias	CEFET-MG	Belo Horizonte	Belo Horizonte	-19.928055555555556	-43.941944444444445	MG	Brasil
pdcevu2022	2022	Alexandre Rodrigues Loureiros	UFES	Vitória	Vitoria	-20.310555555555556	-40.297222222222224	ES	Brasil
pdcevu2022	2022	Flávio Miguel Varejão	UFES	Vitória	Vitoria	-20.310555555555556	-40.297222222222224	ES	Brasil
pdcevu2022	2022	Jorge Mateu Mahiques	Universitat Jaume I	Castellón	Castellón	40.166666666667	-0.16666666666667		Espanha
pdcevu2022	2022	Luís Eduardo Freire da Câmara	UFES	Vitória	Vitoria	-20.310555555555556	-40.297222222222224	ES	Brasil
pdlnem2022	2022	Ana Cristina de Albuquerque	UEL	Londrina	Londrina	-23.31	-51.162777777778	PR	Brasil
pdlnem2022	2022	Ananda Fernanda de Jesus	UNESP	Marília	Marília	-22.213888888889	-49.945833333333	SP	Brasil
pdlnem2022	2022	José Eduardo Santarem Segundo	USP	São Paulo	São Paulo	-23.550394444444	-46.633947222222	SP	Brasil
pdlnem2022	2022	Maria Lígia Triques	UEL	Londrina	Londrina	-23.31	-51.162777777778	PR	Brasil
ppaead2022	2022	Adilson Luiz Pinto	UFSC	Florianópolis	Florianópolis	-27.593280555556	-48.553047222222	SC	Brasil
ppaead2022	2022	Tales Henrique José Moreira	IBICT	Brasília	Brasília	-15.793888888889	-47.882777777778	DF	Brasil
ppaead2022	2022	Thiago Magela Rodrigues Dias	CEFET-MG	Belo Horizonte	Belo Horizonte	-19.928055555555556	-43.941944444444445	MG	Brasil
ppaead2022	2022	Viviam dos Santos Silva	IBICT	Brasília	Brasília	-15.793888888889	-47.882777777778	DF	Brasil
ppaead2022	2022	Washington Luís Ribeiro de Carvalho Segundo	IBICT	Brasília	Brasília	-15.793888888889	-47.882777777778	DF	Brasil
psfemo2022	2022	Evaldo de Oliveira da Silva	UFMG	Belo Horizonte	Belo Horizonte	-19.928055555555556	-43.941944444444445	MG	Brasil
psfemo2022	2022	Marcello Peixoto Bax	UFMG	Belo Horizonte	Belo Horizonte	-19.928055555555556	-43.941944444444445	MG	Brasil
psfemo2022	2022	Yuri Bento Marques	UFMG	Belo Horizonte	Belo Horizonte	-19.928055555555556	-43.941944444444445	MG	Brasil
qdrdde2022	2022	Bianca Amaro de Melo	IBICT	Brasília	Brasília	-15.793888888889	-47.882777777778	DF	Brasil
qdrdde2022	2022	Juliana Araujo Gomes de Sousa	IBICT	Brasília	Brasília	-15.793888888889	-47.882777777778	DF	Brasil
qdrdde2022	2022	Priscila Machado Borges Sena	IBICT	Brasília	Brasília	-15.793888888889	-47.882777777778	DF	Brasil
qdrdde2022	2022	Tatyane Guedes Martins da Silva	IBICT	Brasília	Brasília	-15.793888888889	-47.882777777778	DF	Brasil
qdrdde2022	2022	Washington Luís Ribeiro de Carvalho Segundo	IBICT	Brasília	Brasília	-15.793888888889	-47.882777777778	DF	Brasil
rdddpc2022	2022	Ana Carolina Simionato Arakaki	UFSCar	São Carlos	São Carlos	-22.017777777778	-47.890833333333	SP	Brasil
rdddpc2022	2022	Beatriz Mantovani Avancini de Jesus	UFES	Vitória	Vitoria	-20.310555555555556	-40.297222222222224	ES	Brasil
rdddpc2022	2022	Daniela Lucas da Silva Lemos	UFES	Vitória	Vitoria	-20.310555555555556	-40.297222222222224	ES	Brasil
rdddpc2022	2022	Letícia Guarany Bonetti	UFSCar	São Carlos	São Carlos	-22.017777777778	-47.890833333333	SP	Brasil
rdddpc2022	2022	Nádia Elôina Barcelos Fraga	UFES	Vitória	Vitoria	-20.310555555555556	-40.297222222222224	ES	Brasil
rdiemu2022	2022	Bruna Stefane de Freitas	UFES	Vitória	Vitoria	-20.310555555555556	-40.297222222222224	ES	Brasil
rdiemu2022	2022	Dalton Lopes Martins	UnB	Brasília	Brasília	-15.793888888889	-47.882777777778	DF	Brasil
rdiemu2022	2022	Daniela Lucas da Silva Lemos	UFES	Vitória	Vitoria	-20.310555555555556	-40.297222222222224	ES	Brasil
rdiemu2022	2022	Kris Ellen das Neves Teixeira	UFES	Vitória	Vitoria	-20.310555555555556	-40.297222222222224	ES	Brasil
rdiemu2022	2022	Luísa Vernersbach Varejão	UFES	Vitória	Vitoria	-20.310555555555556	-40.297222222222224	ES	Brasil
rdiemu2022	2022	Silvana Pires Rocha Nogueira	UFES	Vitória	Vitoria	-20.310555555555556	-40.297222222222224	ES	Brasil
reopou2022	2022	Fábio Cossenzo	PUC-MG	Belo Horizonte	Belo Horizonte	-19.928055555555556	-43.941944444444445	MG	Brasil
reopou2022	2022	Marcello Peixoto Bax	UFMG	Belo Horizonte	Belo Horizonte	-19.928055555555556	-43.941944444444445	MG	Brasil
tdieac2022	2022	Abeil Coelho Júnior	UFES	Vitória	Vitoria	-20.310555555555556	-40.297222222222224	ES	Brasil
tdieac2022	2022	Daniela Lucas da Silva Lemos	UFES	Vitória	Vitoria	-20.310555555555556	-40.297222222222224	ES	Brasil
temddr2022	2022	Benjamin Luiz Franklin	UEL	Londrina	Londrina	-23.31	-51.162777777778	PR	Brasil
vddanc2022	2022	Benildes Coura Moreira dos Santos Maculan	UFMG	Belo Horizonte	Belo Horizonte	-19.928055555555556	-43.941944444444445	MG	Brasil
vddanc2022	2022	Francis Bento Marques	UFMG	Belo Horizonte	Belo Horizonte	-19.928055555555556	-43.941944444444445	MG	Brasil
vddanc2022	2022	Renato Rocha Souza	UFMG	Belo Horizonte	Belo Horizonte	-19.928055555555556	-43.941944444444445	MG	Brasil
vddanc2022	2022	Yuri Bento Marques	UFMG	Belo Horizonte	Belo Horizonte	-19.928055555555556	-43.941944444444445	MG	Brasil
acddcn2019	2019	Liliane Chaves de Resende	UFMG	Belo Horizonte	Belo Horizonte	-19.928055555555556	-43.941944444444445	MG	Brasil
acddcn2019	2019	Marcello Peixoto Bax	UFMG	Belo Horizonte	Belo Horizonte	-19.928055555555556	-43.941944444444445	MG	Brasil
wdaddp2019	2019	Joyce Siqueira	UnB	Brasília	Brasília	-15.793888888889	-47.882777777778	DF	Brasil
wdaddp2019	2019	Dalton Lopes Martins	UnB	Brasília	Brasília	-15.793888888889	-47.882777777778	DF	Brasil
usspet2019	2019	Sérgio Souza Costa	UFMA	São Luís	São Luís	-2.53	-44.302777777778	MA	Brasil
usspet2019	2019	Mateus Vitor Duarte Sousa	UFMA	São Luís	São Luís	-2.53	-44.302777777778	MA	Brasil
usspet2019	2019	Micael Lopes da Silva	UFMA	São Luís	São Luís	-2.53	-44.302777777778	MA	Brasil
usspet2019	2019	Eddye Cândido de Oliveira	UFMA	São Luís	São Luís	-2.53	-44.302777777778	MA	Brasil
usspet2019	2019	José Victor Meireles Guimarães	UFMA	São Luís	São Luís	-2.53	-44.302777777778	MA	Brasil
ueprdc2019	2019	Felipe Affonso	CEFET-MG	Belo Horizonte	Belo Horizonte	-19.928055555555556	-43.941944444444445	MG	Brasil
ueprdc2019	2019	Thiago Magela Rodrigues Dias	CEFET-MG	Belo Horizonte	Belo Horizonte	-19.928055555555556	-43.941944444444445	MG	Brasil
ueprdc2019	2019	Monique de Oliveira Santiago	CEFET-MG	Belo Horizonte	Belo Horizonte	-19.928055555555556	-43.941944444444445	MG	Brasil
pdadfd2019	2019	Jordan Ferreira Saran	UNESP	São Paulo	São Paulo	-23.550394444444	-46.633947222222	SP	Brasil
pdadfd2019	2019	Ronnie Shida Marinho	UNESP	São Paulo	São Paulo	-23.550394444444	-46.633947222222	SP	Brasil
pdadfd2019	2019	Clayton Martins Pereira	UNESP	São Paulo	São Paulo	-23.550394444444	-46.633947222222	SP	Brasil
pdadfd2019	2019	Leonardo Castro Botega	UNESP	São Paulo	São Paulo	-23.550394444444	-46.633947222222	SP	Brasil
pdadfd2019	2019	José Eduardo Santarem Segundo	USP	Ribeirão Preto	Ribeirão Preto	-21.178333333333	-47.806666666667	SP	Brasil
oacbnr2019	2019	Danielle do Carmo	UFG	Goiânia	Goiânia	-16.680555555555557	-49.256388888888885	GO	Brasil
oacbnr2019	2019	Dalton Lopes Martins	UnB	Brasília	Brasília	-15.793888888889	-47.882777777778	DF	Brasil
omuecp2019	2019	Daniela Lucas da Silva Lemos	UFES	Vitória	Vitoria	-20.310555555555556	-40.297222222222224	ES	Brasil
oudbpr2019	2019	José Antonio Maurilio Milagre	UESP	Marília	Marília	-22.213888888889	-49.945833333333	SP	Brasil
oudbpr2019	2019	José Eduardo Santarem Segundo	USP	Ribeirão Preto	Ribeirão Preto	-21.178333333333	-47.806666666667	SP	Brasil
gds(vg2019	2019	Eduardo Diniz Amaral	UNIMONTES	Montes Claros	Montes Claros	-16.732222222222	-43.863611111111	MG	Brasil
gds(vg2019	2019	Adilson Luiz Pinto	UFSC	Florianópolis	Florianópolis	-27.593280555556	-48.553047222222	SC	Brasil
fddpcd2019	2019	Danilo Camargo Dias	UNESP	Marília	Marília	-22.213888888889	-49.945833333333	SP	Brasil
fddpcd2019	2019	Danilo Dolc	UNESP	Marília	Marília	-22.213888888889	-49.945833333333	SP	Brasil
fddpcd2019	2019	Isaque Katahira	UNESP	Marília	Marília	-22.213888888889	-49.945833333333	SP	Brasil
fddpcd2019	2019	José Eduardo Santarem Segundo	UNESP	Marília	Marília	-22.213888888889	-49.945833333333	SP	Brasil
fddpcd2019	2019	Leonardo Castro Botega	UNESP	Marília	Marília	-22.213888888889	-49.945833333333	SP	Brasil
fddpcd2019	2019	Mariângela Spotti Lopes Fujita	UNESP	Marília	Marília	-22.213888888889	-49.945833333333	SP	Brasil
edtapt2019	2019	Fabio Piola Navarro	USP	Ribeirão Preto	Ribeirão Preto	-21.178333333333	-47.806666666667	SP	Brasil
edtapt2019	2019	José Eduardo Santarem Segundo	USP	Ribeirão Preto	Ribeirão Preto	-21.178333333333	-47.806666666667	SP	Brasil
ecsnwc2019	2019	Luis Felipe Rosa de Oliveira	UnB	Brasília	Brasília	-15.793888888889	-47.882777777778	DF	Brasil
ecsnwc2019	2019	Dalton Lopes Martins	UnB	Brasília	Brasília	-15.793888888889	-47.882777777778	DF	Brasil
edgaàl2019	2019	Luiz Gustavo de Sena Brandão Pessoa	UFPB	Brasília	Brasília	-15.793888888889	-47.882777777778	DF	Brasil
edgaàl2019	2019	Tereza Ludimila de Castro Cardoso	UFPB	Brasília	Brasília	-15.793888888889	-47.882777777778	DF	Brasil
edgaàl2019	2019	Marckson Roberto Ferreira de Sousa	UFPB	Brasília	Brasília	-15.793888888889	-47.882777777778	DF	Brasil
eadecd2019	2019	Paulo R. V. do Carmo	Unicentro	Guarapuava	Guarapuava	-25.395	-51.457777777778	PR	Brasil
eadecd2019	2019	Alan H. Costa	Unicentro	Guarapuava	Guarapuava	-25.395	-51.457777777778	PR	Brasil
eadecd2019	2019	Sandro Rautenberg	Unicentro	Guarapuava	Guarapuava	-25.395	-51.457777777778	PR	Brasil
eadecd2019	2019	Maria A. C. Knüppel	Unicentro	Guarapuava	Guarapuava	-25.395	-51.457777777778	PR	Brasil
eadecd2019	2019	Marta C. R. Anciutti	Unicentro	Guarapuava	Guarapuava	-25.395	-51.457777777778	PR	Brasil
demrc2019	2019	Felipe Augusto Arakaki	UnB	Brasília	Brasília	-15.793888888889	-47.882777777778	DF	Brasil
demrc2019	2019	Ana Carolina Simionato Arakaki	UFSCar	São Carlos	São Carlos	-22.017777777778	-47.890833333333	SP	Brasil
daesae2019	2019	Izabella Bauer de Assis Cunha	UFMG	Belo Horizonte	Belo Horizonte	-19.928055555555556	-43.941944444444445	MG	Brasil
daesae2019	2019	Frederico Cesar Mafra Pereira	UNA	Belo Horizonte	Belo Horizonte	-19.928055555555556	-43.941944444444445	MG	Brasil
daesae2019	2019	Renata Maria Abrantes Baracho	UFMG	Belo Horizonte	Belo Horizonte	-19.928055555555556	-43.941944444444445	MG	Brasil
cadted2019	2019	André Fabiano Dyck	UFSC	Florianópolis	Florianópolis	-27.593280555556	-48.553047222222	SC	Brasil
cadted2019	2019	Moisés Lima Dutra	UFSC	Florianópolis	Florianópolis	-27.593280555556	-48.553047222222	SC	Brasil
cadted2019	2019	Angel Freddy Godoy Viera	UFSC	Florianópolis	Florianópolis	-27.593280555556	-48.553047222222	SC	Brasil
cdpcet2019	2019	Monique de Oliveira Santiago	CEFET-MG	Belo Horizonte	Belo Horizonte	-19.928055555555556	-43.941944444444445	MG	Brasil
cdpcet2019	2019	Thiago Magela Rodrigues Dias	CEFET-MG	Belo Horizonte	Belo Horizonte	-19.928055555555556	-43.941944444444445	MG	Brasil
cdpcet2019	2019	Felipe Affonso	CEFET-MG	Belo Horizonte	Belo Horizonte	-19.928055555555556	-43.941944444444445	MG	Brasil
andpdd2019	2019	Rosilene Paiva Marinho de Sousa	UNIPÊ	João Pessoa	João Pessoa	-7.12	-34.88	PB	Brasil
andpdd2019	2019	Paulo Henrique Tavares da Silva	UNIPÊ	João Pessoa	João Pessoa	-7.12	-34.88	PB	Brasil
andpdd2019	2019	Marckson Roberto Ferreira de Sousa	UFPB	João Pessoa	João Pessoa	-7.12	-34.88	PB	Brasil
admpdd2019	2019	Roberto Zaina	UFSC	Florianópolis	Florianópolis	-27.593280555556	-48.553047222222	SC	Brasil
admpdd2019	2019	Vinicius Faria Culmant Ramos	UFSC	Florianópolis	Florianópolis	-27.593280555556	-48.553047222222	SC	Brasil
admpdd2019	2019	Gustavo Medeiros de Araujo	UFSC	Florianópolis	Florianópolis	-27.593280555556	-48.553047222222	SC	Brasil
addpgd2019	2019	Marcello Peixoto Bax	UFMG	Belo Horizonte	Belo Horizonte	-19.928055555555556	-43.941944444444445	MG	Brasil
addpgd2019	2019	Evaldo de Oliveira da Silva	CESJF	Juiz de Fora	Juiz de Fora	-21.75	-43.35	MG	Brasil
aqdieo2019	2019	Gustavo Marttos Cáceres Pereira	UNESP	Marília	Marília	-22.213888888889	-49.945833333333	SP	Brasil
aqdieo2019	2019	Leonardo Castro Botega	UNESP	Marília	Marília	-22.213888888889	-49.945833333333	SP	Brasil
uwapcd2017	2017	Sandro Rautenberg	Unicentro	Guarapuava	Guarapuava	-25.395	-51.457777777778	PR	Brasil
uwapcd2017	2017	Alessandra Cassiana Burda	Unicentro	Guarapuava	Guarapuava	-25.395	-51.457777777778	PR	Brasil
uwapcd2017	2017	Lucélia de Souza	Unicentro	Guarapuava	Guarapuava	-25.395	-51.457777777778	PR	Brasil
udslpd2017	2017	Lucas Rodrigues Costa	IBICT	Brasília	Brasília	-15.793888888889	-47.882777777778	DF	Brasil
udslpd2017	2017	Lucas Ângelo Silveira	IBICT	Brasília	Brasília	-15.793888888889	-47.882777777778	DF	Brasil
udslpd2017	2017	Ronnie Fagundes De Brito	IBICT	Brasília	Brasília	-15.793888888889	-47.882777777778	DF	Brasil
udslpd2017	2017	Milton Shintaku	IBICT	Brasília	Brasília	-15.793888888889	-47.882777777778	DF	Brasil
urpsad2017	2017	Murilo Silveira Gomes	UFSC	Florianópolis	Florianópolis	-27.593280555556	-48.553047222222	SC	Brasil
urpsad2017	2017	Lidiane Visintin	UFSC	Florianópolis	Florianópolis	-27.593280555556	-48.553047222222	SC	Brasil
urpsad2017	2017	Fernando Ostuni Gauthier	UFSC	Florianópolis	Florianópolis	-27.593280555556	-48.553047222222	SC	Brasil
uedcdv2017	2017	Lidiane Visintin	UFSC	Florianópolis	Florianópolis	-27.593280555556	-48.553047222222	SC	Brasil
uedcdv2017	2017	Murilo Silveira Gomes	UFSC	Florianópolis	Florianópolis	-27.593280555556	-48.553047222222	SC	Brasil
uedcdv2017	2017	Jose Todesco	UFSC	Florianópolis	Florianópolis	-27.593280555556	-48.553047222222	SC	Brasil
ccdrpa2017	2017	Fábio Mosso Moreira	UNESP	Marília	Marília	-22.213888888889	-49.945833333333	SP	Brasil
ccdrpa2017	2017	Diana Vilas Boas Souto Aleixo	UNESP	Marília	Marília	-22.213888888889	-49.945833333333	SP	Brasil
ccdrpa2017	2017	Pedro Henrique Santos Bisi	UNESP	Marília	Marília	-22.213888888889	-49.945833333333	SP	Brasil
ccdrpa2017	2017	Leonardo Felipe Franchi	UNESP	Marília	Marília	-22.213888888889	-49.945833333333	SP	Brasil
ccdrpa2017	2017	Ricardo Cesar Gonçalves Sant’ana	UNESP	Marília	Marília	-22.213888888889	-49.945833333333	SP	Brasil
pdadmp2017	2017	Luiz Felipe Chiaradia	UFSC	Florianópolis	Florianópolis	-27.593280555556	-48.553047222222	SC	Brasil
pdadmp2017	2017	Douglas Dyllon Jeronimo de Macedo	UFSC	Florianópolis	Florianópolis	-27.593280555556	-48.553047222222	SC	Brasil
pdadmp2017	2017	Moisés Lima Dutra	UFSC	Florianópolis	Florianópolis	-27.593280555556	-48.553047222222	SC	Brasil
mdadbd2017	2017	Ademilson Barbosa	UFOPA	Santarém	Santarém	-2.4427777777778	-54.707777777778	PA	Brasil
mdadbd2017	2017	Marcio Ponte	UFOPA	Santarém	Santarém	-2.4427777777778	-54.707777777778	PA	Brasil
mdadbd2017	2017	Celson Lima	UFOPA	Santarém	Santarém	-2.4427777777778	-54.707777777778	PA	Brasil
ddocdq2017	2017	Jordana Nogueira Silva	UNIVEM	Marília	Marília	-22.213888888889	-49.945833333333	SP	Brasil
ddocdq2017	2017	Jessica Souza	UNIVEM	Marília	Marília	-22.213888888889	-49.945833333333	SP	Brasil
ddocdq2017	2017	Állan César Moreira de Oliveira	UNIVEM	Marília	Marília	-22.213888888889	-49.945833333333	SP	Brasil
ddocdq2017	2017	Maria De Fátima Tavares	IBICT	Brasília	Brasília	-15.793888888889	-47.882777777778	DF	Brasil
ddocdq2017	2017	Leonardo Castro Botega	UNIVEM	Marília	Marília	-22.213888888889	-49.945833333333	SP	Brasil
aqdecu2017	2017	Gustavo Marttos Cáceres Pereira	UNIVEM	Marília	Marília	-22.213888888889	-49.945833333333	SP	Brasil
aqdecu2017	2017	João Henrique Martins	Stratelli	Marília	Marília	-22.213888888889	-49.945833333333	SP	Brasil
aqdecu2017	2017	Leonardo Castro Botega	Stratelli	Marília	Marília	-22.213888888889	-49.945833333333	SP	Brasil
opedws2017	2017	Caio Coneglian	UNESP	Marília	Marília	-22.213888888889	-49.945833333333	SP	Brasil
opedws2017	2017	Rodrigo Dieger	UNESP	Marília	Marília	-22.213888888889	-49.945833333333	SP	Brasil
opedws2017	2017	José Eduardo Santarem Segundo	USP	Ribeirão Preto	Ribeirão Preto	-21.178333333333	-47.806666666667	SP	Brasil
opedws2017	2017	Miriam Capretz	UWO	Ontario	Ontario	50	-85		Canadá
dvotbn2017	2017	César Henrique C. Dos Santos	UFSC	Florianópolis	Florianópolis	-27.593280555556	-48.553047222222	SC	Brasil
dvotbn2017	2017	Maykon Carlos De Freitas	UFSC	Florianópolis	Florianópolis	-27.593280555556	-48.553047222222	SC	Brasil
dvotbn2017	2017	Robson Rodrigues Lemos	UFSC	Florianópolis	Florianópolis	-27.593280555556	-48.553047222222	SC	Brasil
dvotbn2017	2017	Alexandre Leopoldo Gonçalves	UFSC	Florianópolis	Florianópolis	-27.593280555556	-48.553047222222	SC	Brasil
vdidvd2017	2017	Lucas Ladeira	UNIVEM	Marília	Marília	-22.213888888889	-49.945833333333	SP	Brasil
vdidvd2017	2017	Leonardo Castro Botega	Stratelli	Marília	Marília	-22.213888888889	-49.945833333333	SP	Brasil
vdidvd2017	2017	João Henrique Martins	Stratelli	Marília	Marília	-22.213888888889	-49.945833333333	SP	Brasil
vdidvd2017	2017	Vagner Pagotti	Stratelli	Marília	Marília	-22.213888888889	-49.945833333333	SP	Brasil
adedun2017	2017	Victor Ubiracy Borba	UNESP	Marília	Marília	-22.213888888889	-49.945833333333	SP	Brasil
adedun2017	2017	Elaine Parra Affonso	UNESP	Marília	Marília	-22.213888888889	-49.945833333333	SP	Brasil
adedun2017	2017	Ricardo Cesar Gonçalves Sant’ana	UNESP	Marília	Marília	-22.213888888889	-49.945833333333	SP	Brasil
pdgddn2017	2017	Elizabete Cristina De Souza De Aguiar Monteiro	UNESP	Marília	Marília	-22.213888888889	-49.945833333333	SP	Brasil
pdgddn2017	2017	Ricardo Cesar Gonçalves Sant’ana	UNESP	Marília	Marília	-22.213888888889	-49.945833333333	SP	Brasil
rddcas2017	2017	Elizabete Cristina De Souza De Aguiar Monteiro	UNESP	Marília	Marília	-22.213888888889	-49.945833333333	SP	Brasil
rddcas2017	2017	Elaine Parra Affonso	UNESP	Marília	Marília	-22.213888888889	-49.945833333333	SP	Brasil
rddcas2017	2017	Victor Ubiracy Borba	UNESP	Marília	Marília	-22.213888888889	-49.945833333333	SP	Brasil
rddcas2017	2017	Ricardo Cesar Gonçalves Sant’ana	UNESP	Marília	Marília	-22.213888888889	-49.945833333333	SP	Brasil
rdsppd2017	2017	Gislaine Parra Freund	Digitro	Florianópolis	Florianópolis	-27.593280555556	-48.553047222222	SC	Brasil
rdsppd2017	2017	Priscila Basto Fagundes	UFSC	Florianópolis	Florianópolis	-27.593280555556	-48.553047222222	SC	Brasil
rdsppd2017	2017	Douglas Dyllon Jeronimo de Macedo	UFSC	Florianópolis	Florianópolis	-27.593280555556	-48.553047222222	SC	Brasil
adieas2017	2017	Jean Fernandes Brito	UFSC	Florianópolis	Florianópolis	-27.593280555556	-48.553047222222	SC	Brasil
adieas2017	2017	Rafaela Carolina Da Silva	UNESP	Marília	Marília	-22.213888888889	-49.945833333333	SP	Brasil
adieas2017	2017	Márcio Matias	UFSC	Florianópolis	Florianópolis	-27.593280555556	-48.553047222222	SC	Brasil
rdiptw2017	2017	Eduardo Alves Silva	UFSC	Florianópolis	Florianópolis	-27.593280555556	-48.553047222222	SC	Brasil
rdiptw2017	2017	Márcio Matias	UFSC	Florianópolis	Florianópolis	-27.593280555556	-48.553047222222	SC	Brasil
osdddm2021	2021	Manoel Camilo de Sousa Netto	UFSC	Florianópolis	Florianópolis	-27.593280555556	-48.553047222222	SC	Brasil
osdddm2021	2021	Adilson Luiz Pinto	UFSC	Florianópolis	Florianópolis	-27.593280555556	-48.553047222222	SC	Brasil
tadrdi2021	2021	Roberto Zaina	UFSC	Florianópolis	Florianópolis	-27.593280555556	-48.553047222222	SC	Brasil
tadrdi2021	2021	Vinicius Faria Culmant Ramos	UFSC	Florianópolis	Florianópolis	-27.593280555556	-48.553047222222	SC	Brasil
tadrdi2021	2021	Gustavo Medeiros de Araujo	UFSC	Florianópolis	Florianópolis	-27.593280555556	-48.553047222222	SC	Brasil
ceiddc2021	2021	Patrícia Mascarenhas Dias	CEFET-MG	Belo Horizonte	Belo Horizonte	-19.928055555555556	-43.941944444444445	MG	Brasil
ceiddc2021	2021	Thiago Magela Rodrigues Dias	CEFET-MG	Belo Horizonte	Belo Horizonte	-19.928055555555556	-43.941944444444445	MG	Brasil
ceiddc2021	2021	Gray Farias Moita	CEFET-MG	Belo Horizonte	Belo Horizonte	-19.928055555555556	-43.941944444444445	MG	Brasil
tdeagd2021	2021	Eduardo Alves Silva	Universidade de Coimbra	Coimbra	Coimbra	-20.856944444444	-42.802777777778		Portugal
ddfacf2021	2021	Higor Alexandre Duarte Mascarenhas	CEFET-MG	Belo Horizonte	Belo Horizonte	-19.928055555555556	-43.941944444444445	MG	Brasil
ddfacf2021	2021	Thiago Magela Rodrigues Dias	CEFET-MG	Belo Horizonte	Belo Horizonte	-19.928055555555556	-43.941944444444445	MG	Brasil
eddema2021	2021	Eduardo Diniz Amaral	UFSC	Florianópolis	Florianópolis	-27.593280555556	-48.553047222222	SC	Brasil
eddema2021	2021	Gustavo Medeiros de Araujo	UFSC	Florianópolis	Florianópolis	-27.593280555556	-48.553047222222	SC	Brasil
uppaie2021	2021	Fernanda Silva Coimbra	CEFET-MG	Belo Horizonte	Belo Horizonte	-19.928055555555556	-43.941944444444445	MG	Brasil
uppaie2021	2021	Thiago Magela Rodrigues Dias	CEFET-MG	Belo Horizonte	Belo Horizonte	-19.928055555555556	-43.941944444444445	MG	Brasil
pdpddo2021	2021	Rosilene Paiva Marinho de Sousa	UFOB	Barreiras	Barreiras	-12.152777777778	-44.99	BA	Brasil
pdpddo2021	2021	Milton Shintaku	IBICT	Brasília	Brasília	-15.793888888889	-47.882777777778	DF	Brasil
adfqid2021	2021	Leonardo Santos Amaral	UNIMONTES	Montes Claros	Montes Claros	-16.732222222222	-43.863611111111	MG	Brasil
adfqid2021	2021	Gustavo Medeiros de Araujo	UFSC	Florianópolis	Florianópolis	-27.593280555556	-48.553047222222	SC	Brasil
adfqid2021	2021	Ricardo Alexandre Reinaldo de Moraes	UFSC	Florianópolis	Florianópolis	-27.593280555556	-48.553047222222	SC	Brasil
ccretd2021	2021	Eduardo Santos Rocha	UFMG	Belo Horizonte	Belo Horizonte	-19.928055555555556	-43.941944444444445	MG	Brasil
ccretd2021	2021	Ronaldo Ferreira de Araújo	UFMG	Belo Horizonte	Belo Horizonte	-19.928055555555556	-43.941944444444445	MG	Brasil
gddcpe2021	2021	Marília Catarina Andrade Gontijo	UFMG	Belo Horizonte	Belo Horizonte	-19.928055555555556	-43.941944444444445	MG	Brasil
gddcpe2021	2021	Raíssa Yuri Hamanaka	UEL	Londrina	Londrina	-23.31	-51.162777777778	PR	Brasil
gddcpe2021	2021	Ronaldo Ferreira de Araújo	UFAL	Maceió	Maceió	-9.6658333333333	-35.735	AL	Brasil
radadc2021	2021	Keli Rodrigues do Amaral Benin	UEL	Londrina	Londrina	-23.31	-51.162777777778	PR	Brasil
radadc2021	2021	Raíssa Yuri Hamanaka	UEL	Londrina	Londrina	-23.31	-51.162777777778	PR	Brasil
radadc2021	2021	Paula Regina Ventura Amorim Gonçalez	UFES	Vitória	Vitoria	-20.310555555555556	-40.297222222222224	ES	Brasil
pddudà2021	2021	Luiz Gustavo de Sena Brandão Pessoa	UFPB	João Pessoa	João Pessoa	-7.12	-34.88	PB	Brasil
pddudà2021	2021	Marckson Roberto Ferreira de Sousa	UFPB	João Pessoa	João Pessoa	-7.12	-34.88	PB	Brasil
mdeeac2021	2021	Dalton Lopes Martins	UnB	Brasília	Brasília	-15.793888888889	-47.882777777778	DF	Brasil
cddnec2021	2021	Patrícia Takaki	UFSC	Florianópolis	Florianópolis	-27.593280555556	-48.553047222222	SC	Brasil
cddnec2021	2021	Moisés Lima Dutra	UFSC	Florianópolis	Florianópolis	-27.593280555556	-48.553047222222	SC	Brasil
pdqpde2021	2021	Daniela Lucas da Silva Lemos	UFES	Vitória	Vitoria	-20.310555555555556	-40.297222222222224	ES	Brasil
pdqpde2021	2021	Dalton Lopes Martins	UnB	Brasília	Brasília	-15.793888888889	-47.882777777778	DF	Brasil
pdqpde2021	2021	Danielle do Carmo	UnB	Brasília	Brasília	-15.793888888889	-47.882777777778	DF	Brasil
cddpad2021	2021	Luis Felipe Rosa de Oliveira	UnB	Brasília	Brasília	-15.793888888889	-47.882777777778	DF	Brasil
cddpad2021	2021	Dalton Lopes Martins	UnB	Brasília	Brasília	-15.793888888889	-47.882777777778	DF	Brasil
mdmntn2021	2021	Joyce Siqueira	UnB	Brasília	Brasília	-15.793888888889	-47.882777777778	DF	Brasil
mdmntn2021	2021	Dalton Lopes Martins	UnB	Brasília	Brasília	-15.793888888889	-47.882777777778	DF	Brasil
mdmntn2021	2021	Vinícius Nunes Medeiros	Tainacan	Goiânia	Goiânia	-16.680555555555557	-49.256388888888885		Brasil
sdiesp2021	2021	Márcio José Sembay	UFSC	Florianópolis	Florianópolis	-27.593280555556	-48.553047222222	SC	Brasil
sdiesp2021	2021	Douglas Dyllon Jeronimo de Macedo	UFSC	Florianópolis	Florianópolis	-27.593280555556	-48.553047222222	SC	Brasil
acdirc2021	2021	Joana Halta dos Santos	UFSC	Florianópolis	Florianópolis	-27.593280555556	-48.553047222222	SC	Brasil
acdirc2021	2021	Douglas Dyllon Jeronimo de Macedo	UFSC	Florianópolis	Florianópolis	-27.593280555556	-48.553047222222	SC	Brasil
uepcie2021	2021	Washington Luís Ribeiro de Carvalho Segundo	IBICT	Brasília	Brasília	-15.793888888889	-47.882777777778	DF	Brasil
uepcie2021	2021	Vivian Silva	IBICT	Brasília	Brasília	-15.793888888889	-47.882777777778	DF	Brasil
uepcie2021	2021	Josir Gomes	IBICT	Brasília	Brasília	-15.793888888889	-47.882777777778	DF	Brasil
uepcie2021	2021	Ary Dias	IBICT	Brasília	Brasília	-15.793888888889	-47.882777777778	DF	Brasil
uepcie2021	2021	Juliana Schneider	IBICT	Brasília	Brasília	-15.793888888889	-47.882777777778	DF	Brasil
uepcie2021	2021	Thiago Magela Rodrigues Dias	CEFET-MG	Belo Horizonte	Belo Horizonte	-19.928055555555556	-43.941944444444445	MG	Brasil
uepcie2021	2021	Tales Henrique José Moreira	CEFET-MG	Belo Horizonte	Belo Horizonte	-19.928055555555556	-43.941944444444445	MG	Brasil
uepcie2021	2021	Adilson Luiz Pinto	UFSC	Florianópolis	Florianópolis	-27.593280555556	-48.553047222222	SC	Brasil
uepcie2021	2021	Luc Quoniam	UFMS	Pioneiros	Mato Grosso do Sul	-20.183333333333334	-54.7	MS	Brasil
uepcie2021	2021	Lautaro Matas	La Referencia	Brasília	Brasília	-15.793888888889	-47.882777777778	DF	Brasil
sàgddd2018	2018	Fernanda Gomes Almeida	UFMG	Belo Horizonte	Belo Horizonte	-19.928055555555556	-43.941944444444445	MG	Brasil
sàgddd2018	2018	Marcos de Souza	UFMG	Belo Horizonte	Belo Horizonte	-19.928055555555556	-43.941944444444445	MG	Brasil
rcrput2018	2018	Max Melquiades da Silva	UFMG	Belo Horizonte	Belo Horizonte	-19.928055555555556	-43.941944444444445	MG	Brasil
rcrput2018	2018	Simone Cristina Dufloth	FJP	Belo Horizonte	Belo Horizonte	-19.928055555555556	-43.941944444444445	MG	Brasil
rdddpi2018	2018	André Luiz França de Madeiro	UFPB	João Pessoa	João Pessoa	-7.12	-34.88	PB	Brasil
rdener2018	2018	Jairo Santana	UFSC	Florianópolis	Florianópolis	-27.593280555556	-48.553047222222	SC	Brasil
rdener2018	2018	Diefferson K. Moro	UFSC	Florianópolis	Florianópolis	-27.593280555556	-48.553047222222	SC	Brasil
rdener2018	2018	Rogério de Aquino Silva	UFSC	Florianópolis	Florianópolis	-27.593280555556	-48.553047222222	SC	Brasil
rdener2018	2018	Vinicius Faria Culmant Ramos	UFSC	Florianópolis	Florianópolis	-27.593280555556	-48.553047222222	SC	Brasil
rdener2018	2018	Gustavo Medeiros de Araujo	UFSC	Florianópolis	Florianópolis	-27.593280555556	-48.553047222222	SC	Brasil
pdmpdd2018	2018	Felipe Augusto Arakaki	IFSP	Itapetininga	Itapetininga	-23.591666666667	-48.053055555556	SP	Brasil
pdmpdd2018	2018	Ana Carolina Simionato Arakaki	UFSCar	São Carlos	São Carlos	-22.017777777778	-47.890833333333	SP	Brasil
pdmpdd2018	2018	Paula Regina Ventura Amorim Gonçalez	UFES	Vitória	Vitoria	-20.310555555555556	-40.297222222222224	ES	Brasil
pdmpdd2018	2018	Plácida Leopoldina Ventura Amorim da Costa Santos	UNESP	Marília	Marília	-22.213888888889	-49.945833333333	SP	Brasil
otbdqd2018	2018	Marcos de Souza	UFMG	Belo Horizonte	Belo Horizonte	-19.928055555555556	-43.941944444444445	MG	Brasil
otbdqd2018	2018	Fernanda Gomes Almeida	UFMG	Belo Horizonte	Belo Horizonte	-19.928055555555556	-43.941944444444445	MG	Brasil
otbdqd2018	2018	Renato Rocha Souza	UFMG	Belo Horizonte	Belo Horizonte	-19.928055555555556	-43.941944444444445	MG	Brasil
oedenâ2018	2018	Renata Lemos dos Anjos	UFPB	João Pessoa	João Pessoa	-7.12	-34.88	PB	Brasil
oedenâ2018	2018	Débora Gomes de Araújo	UFPB	João Pessoa	João Pessoa	-7.12	-34.88	PB	Brasil
ndvgpd2018	2018	Adriana Alves Rodrigues	UFPB	João Pessoa	João Pessoa	-7.12	-34.88	PB	Brasil
leauei2018	2018	Matheus José Pessoa de Andrade	UFPB	João Pessoa	João Pessoa	-7.12	-34.88	PB	Brasil
leauei2018	2018	Tassyara Onofre de Oliveira	UFPB	João Pessoa	João Pessoa	-7.12	-34.88	PB	Brasil
idedpa2018	2018	Roberto Zaina	UFSC	Florianópolis	Florianópolis	-27.593280555556	-48.553047222222	SC	Brasil
idedpa2018	2018	Vinicius Faria Culmant Ramos	UFSC	Florianópolis	Florianópolis	-27.593280555556	-48.553047222222	SC	Brasil
idedpa2018	2018	Gustavo Medeiros de Araujo	UFSC	Florianópolis	Florianópolis	-27.593280555556	-48.553047222222	SC	Brasil
hdvdpc2018	2018	Mirelys Puerta Díaz	UNESP	Marília	Marília	-22.213888888889	-49.945833333333	SP	Brasil
hdvdpc2018	2018	Edgar Bisset Alvarez	UFSC	Florianópolis	Florianópolis	-27.593280555556	-48.553047222222	SC	Brasil
hdvdpc2018	2018	Silvana Aparecida Borsetti Gregorio Vidotti	UNESP	Marília	Marília	-22.213888888889	-49.945833333333	SP	Brasil
gdddba2018	2018	Filipi Miranda Soares	UFMG	Belo Horizonte	Belo Horizonte	-19.928055555555556	-43.941944444444445	MG	Brasil
gdddba2018	2018	Raíssa Yuri Hamanaka	UFMG	Belo Horizonte	Belo Horizonte	-19.928055555555556	-43.941944444444445	MG	Brasil
gdddba2018	2018	Benildes Coura Moreira dos Santos Maculan	UFMG	Belo Horizonte	Belo Horizonte	-19.928055555555556	-43.941944444444445	MG	Brasil
eeecdd2018	2018	Sandro Rautenberg	Unicentro	Guarapuava	Guarapuava	-25.395	-51.457777777778	PR	Brasil
eeecdd2018	2018	Alan H. Costa	Unicentro	Guarapuava	Guarapuava	-25.395	-51.457777777778	PR	Brasil
eeecdd2018	2018	Paulo R. V. do Carmo	Unicentro	Guarapuava	Guarapuava	-25.395	-51.457777777778	PR	Brasil
eeecdd2018	2018	Renan A. M. Nutse	Unicentro	Guarapuava	Guarapuava	-25.395	-51.457777777778	PR	Brasil
eeecdd2018	2018	Maria A. C. Knüppel	Unicentro	Guarapuava	Guarapuava	-25.395	-51.457777777778	PR	Brasil
eeecdd2018	2018	Marta C. R. Anciutti	Unicentro	Guarapuava	Guarapuava	-25.395	-51.457777777778	PR	Brasil
da+ccu2018	2018	Enrique Muriel-Torrado	UFSC	Florianópolis	Florianópolis	-27.593280555556	-48.553047222222	SC	Brasil
da+ccu2018	2018	Rebeca Silva Fernandes de Moura	UFSC	Florianópolis	Florianópolis	-27.593280555556	-48.553047222222	SC	Brasil
dapsgu2018	2018	Rafael M. Toscano	UFPB	João Pessoa	João Pessoa	-7.12	-34.88	PB	Brasil
dapsgu2018	2018	Valdecir Becker	UFPB	João Pessoa	João Pessoa	-7.12	-34.88	PB	Brasil
dapsgu2018	2018	Helder Bruno A. M. de Souza	UFPB	João Pessoa	João Pessoa	-7.12	-34.88	PB	Brasil
dapsgu2018	2018	Marianna C. Teixeira	UFPB	João Pessoa	João Pessoa	-7.12	-34.88	PB	Brasil
dtnpdr2018	2018	Andrea Carmo Name Willemin	UFSC	Florianópolis	Florianópolis	-27.593280555556	-48.553047222222	SC	Brasil
dtnpdr2018	2018	Geralda Magella de Faria	UFSC	Florianópolis	Florianópolis	-27.593280555556	-48.553047222222	SC	Brasil
dtnpdr2018	2018	Cláudio José Amante	UFSC	Florianópolis	Florianópolis	-27.593280555556	-48.553047222222	SC	Brasil
alcces2018	2018	Maria Carolina Zanini Ferreira	UFSC	Florianópolis	Florianópolis	-27.593280555556	-48.553047222222	SC	Brasil
alcces2018	2018	Clarissa Stefani Teixeira	UFSC	Florianópolis	Florianópolis	-27.593280555556	-48.553047222222	SC	Brasil
alcces2018	2018	Enrique Muriel-Torrado	UFSC	Florianópolis	Florianópolis	-27.593280555556	-48.553047222222	SC	Brasil
auadvd2018	2018	Talitha Alessandra Medeiros Ribeiro	IFBA	João Pessoa	João Pessoa	-7.12	-34.88	PB	Brasil
auadvd2018	2018	Larissa de Sousa Moreira Gusmão	IFBA	João Pessoa	João Pessoa	-7.12	-34.88	PB	Brasil
auadvd2018	2018	Damires Yluska de Souza Fernandes	IFBA	João Pessoa	João Pessoa	-7.12	-34.88	PB	Brasil
adsise2018	2018	Luis Felipe Rosa de Oliveira	NOVAIMS	Lisboa	Lisbon	38.708042	-9.139016		Portugal
adsise2018	2018	Luis Felipe Rosa de Oliveira	UFG	Goiânia	Goiânia	-16.680555555555557	-49.256388888888885	GO	Brasil
adrepe2018	2018	Roberto Silva de Oliveira Júnior	UFPB	João Pessoa	João Pessoa	-7.12	-34.88	PB	Brasil
adrepe2018	2018	Douglas Valentim de Almeida Cardins	UFPB	João Pessoa	João Pessoa	-7.12	-34.88	PB	Brasil
adrepe2018	2018	Wenddell Juler Pereira de Lima	UFPB	João Pessoa	João Pessoa	-7.12	-34.88	PB	Brasil
adrepe2018	2018	Thereza Patrícia Pereira Padilha	UFPB	João Pessoa	João Pessoa	-7.12	-34.88	PB	Brasil
adrepe2018	2018	Vanessa Farias Dantas	UFPB	João Pessoa	João Pessoa	-7.12	-34.88	PB	Brasil
acddàl2018	2018	Tereza Cristina Fernande	UFMG	Belo Horizonte	Belo Horizonte	-19.928055555555556	-43.941944444444445	MG	Brasil
acddàl2018	2018	Marcello Mundim Rodrigues	UFMG	Belo Horizonte	Belo Horizonte	-19.928055555555556	-43.941944444444445	MG	Brasil
adcdvd2018	2018	Jeanne Louize Emygdio	UFMG	Belo Horizonte	Belo Horizonte	-19.928055555555556	-43.941944444444445	MG	Brasil
adcdvd2018	2018	Eduardo Ribeiro Felipe	UFMG	Belo Horizonte	Belo Horizonte	-19.928055555555556	-43.941944444444445	MG	Brasil
dfàpnb2018	2018	Rossana Gleucy de Ávila Chagas e Carvalho	UFSC	Florianópolis	Florianópolis	-27.593280555556	-48.553047222222	SC	Brasil
dfàpnb2018	2018	Márcio Matias	UFSC	Florianópolis	Florianópolis	-27.593280555556	-48.553047222222	SC	Brasil
iepnlg2018	2018	Rosilene Paiva Marinho de Sousa	UNIPÊ	João Pessoa	João Pessoa	-7.12	-34.88	PB	Brasil
iepnlg2018	2018	Fernando Antônio de Vasconcelos	UNIPÊ	João Pessoa	João Pessoa	-7.12	-34.88	PB	Brasil
iepnlg2018	2018	Marckson Roberto Ferreira de Sousa	UFPB	João Pessoa	João Pessoa	-7.12	-34.88	PB	Brasil
opdmnc2018	2018	Rachel Cristina Vesu Alves	UNESP	Marília	Marília	-22.213888888889	-49.945833333333	SP	Brasil
paddud2018	2018	Elizabete Cristina De Souza De Aguiar Monteiro	UNESP	Marília	Marília	-22.213888888889	-49.945833333333	SP	Brasil
paddud2018	2018	Jacquelin Teresa Camperos Reyes	UNESP	Marília	Marília	-22.213888888889	-49.945833333333	SP	Brasil
paddud2018	2018	Elaine Parra Affonso	FATEC	Presidente Prudente	Presidente Prudente	-22.125833333333	-51.388888888889	ES	Brasil
paddud2018	2018	Ricardo Cesar Gonçalves Sant’ana	UNESP	Marília	Marília	-22.213888888889	-49.945833333333	SP	Brasil
tbunpn2018	2018	Jailton Cardoso da Cruz	UFAL	Maceió	Maceió	-9.6658333333333	-35.735	AL	Brasil
opfcdp2018	2018	Bárbara Carvalho Diniz	UFPB	João Pessoa	João Pessoa	-7.12	-34.88	PB	Brasil
opfcdp2018	2018	Guilherme Ataíde Dias	UFPB	João Pessoa	João Pessoa	-7.12	-34.88	PB	Brasil
opfcdp2018	2018	Alzira Karla Araújo da Silva	UFPB	João Pessoa	João Pessoa	-7.12	-34.88	PB	Brasil
pdgddu2018	2018	Débora Gomes de Araújo	UFPB	João Pessoa	João Pessoa	-7.12	-34.88	PB	Brasil
maeics2018	2018	Pedro Jácome de Moura Jr	UFPB	João Pessoa	João Pessoa	-7.12	-34.88	PB	Brasil
maeics2018	2018	Maicon Henrique Ferreira Aragão	UFPB	João Pessoa	João Pessoa	-7.12	-34.88	PB	Brasil
pdaece2018	2018	Milena Teixeira	UFSC	Florianópolis	Florianópolis	-27.593280555556	-48.553047222222	SC	Brasil
pdaece2018	2018	Leandro Pereira Garcia	UFSC	Florianópolis	Florianópolis	-27.593280555556	-48.553047222222	SC	Brasil
pdaece2018	2018	Ingo Ramos	UFSC	Florianópolis	Florianópolis	-27.593280555556	-48.553047222222	SC	Brasil
pdaece2018	2018	Lucas Alexandre Pedebôs	SESA	Florianópolis	Florianópolis	-27.593280555556	-48.553047222222	SC	Brasil
pdaece2018	2018	Douglas Macedo	UFSC	Florianópolis	Florianópolis	-27.593280555556	-48.553047222222	SC	Brasil
pdaece2018	2018	Gustavo Medeiros de Araujo	UFSC	Florianópolis	Florianópolis	-27.593280555556	-48.553047222222	SC	Brasil
caopdm2018	2018	Ana Alice Baptista	UMinho	Minho	Minho	41.55101815015876	-8.42837812306232		Portugal
iddbeo2018	2018	Maurício Barcellos Almeida	UFMG	Belo Horizonte	Belo Horizonte	-19.928055555555556	-43.941944444444445	MG	Brasil
cdeddp2018	2018	Luís Fernando Sayão	CIN	Belo Horizonte	Belo Horizonte	-19.928055555555556	-43.941944444444445	MG	Brasil
ibpddp2018	2018	Pedro Luiz Pizzigatti Corrêa	USP	Ribeirão Preto	Ribeirão Preto	-21.178333333333	-47.806666666667	SP	Brasil
tmoudd2018	2018	Moisés Lima Dutra	UFSC	Florianópolis	Florianópolis	-27.593280555556	-48.553047222222	SC	Brasil
opdbnp2018	2018	Miriam Cândida de Jesus	UFMG	Belo Horizonte	Belo Horizonte	-19.928055555555556	-43.941944444444445	MG	Brasil
opdbnp2018	2018	Nina Cláudia Mendonça Campos de Miranda	UFMG	Belo Horizonte	Belo Horizonte	-19.928055555555556	-43.941944444444445	MG	Brasil
opdbnp2018	2018	Célia da Consolação Dias	UFMG	Belo Horizonte	Belo Horizonte	-19.928055555555556	-43.941944444444445	MG	Brasil
mapdsa2018	2018	Marcos Vinícius Ferreira Cesário	MP/PB	João Pessoa	João Pessoa	-7.12	-34.88	PB	Brasil
agdddp2018	2018	Guilherme Ataíde Dias	UFPB	João Pessoa	João Pessoa	-7.12	-34.88	PB	Brasil
ddpeop2018	2018	Plácida Leopoldina Ventura Amorim da Costa Santos	UNESP	Marília	Marília	-22.213888888889	-49.945833333333	SP	Brasil
acdieo2018	2018	Luana Farias Sales	CIN	Belo Horizonte	Belo Horizonte	-19.928055555555556	-43.941944444444445	MG	Brasil
aqdidc2018	2018	Sandra de Albuquerque Siebra	UFPE	Recife	Recife	-8.0538888888889	-34.880833333333	PE	Brasil
aqdidc2018	2018	Ricardo Cesar Gonçalves Sant’ana	UNESP	Marília	Marília	-22.213888888889	-49.945833333333	SP	Brasil
aqdidc2018	2018	Plácida Leopoldina Ventura Amorim da Costa Santos	UNESP	Marília	Marília	-22.213888888889	-49.945833333333	SP	Brasil
aqdidc2018	2018	Luana Farias Sales	CIN	Belo Horizonte	Belo Horizonte	-19.928055555555556	-43.941944444444445	MG	Brasil
aedddp2018	2018	Wagner Junqueira de Araújo	UFPB	João Pessoa	João Pessoa	-7.12	-34.88	PB	Brasil
aedddp2018	2018	Ana Alice Baptista	UMinho	Minho	Minho	41.55101815015876	-8.42837812306232		Portugal
aedddp2018	2018	Marcello Peixoto Bax	UFMG	Belo Horizonte	Belo Horizonte	-19.928055555555556	-43.941944444444445	MG	Brasil
aedddp2018	2018	Pedro Luiz Pizzigatti Corrêa	USP	Ribeirão Preto	Ribeirão Preto	-21.178333333333	-47.806666666667	SP	Brasil
aedddp2018	2018	Luís Fernando Sayão	CIN	Belo Horizonte	Belo Horizonte	-19.928055555555556	-43.941944444444445	MG	Brasil
acdrdd2018	2018	Pollianna Marys de Souza e Silva	UFPB	João Pessoa	João Pessoa	-7.12	-34.88	PB	Brasil
acdrdd2018	2018	Sandra de Albuquerque Siebra	UFPE	Recife	Recife	-8.0538888888889	-34.880833333333	PE	Brasil
piadmd2018	2018	Marcelo da Silva Morreira	UFSC	Florianópolis	Florianópolis	-27.593280555556	-48.553047222222	SC	Brasil
piadmd2018	2018	Enrique Muriel-Torrado	UFSC	Florianópolis	Florianópolis	-27.593280555556	-48.553047222222	SC	Brasil
acdieo2018	2018	Gracielle Mendonça Rodrigues Gomes	UFMG	Belo Horizonte	Belo Horizonte	-19.928055555555556	-43.941944444444445	MG	Brasil
acdieo2018	2018	Marcello Mundim Rodrigues	UFMG	Belo Horizonte	Belo Horizonte	-19.928055555555556	-43.941944444444445	MG	Brasil
pdcddc2018	2018	Renata Lemos dos Anjos	UFPB	João Pessoa	João Pessoa	-7.12	-34.88	PB	Brasil
pdcddc2018	2018	Marynice de Medeiros Matos Autran(	UFPB	João Pessoa	João Pessoa	-7.12	-34.88	PB	Brasil
mmpaop2018	2018	Bruno Cesarino Soares	UFMG	Belo Horizonte	Belo Horizonte	-19.928055555555556	-43.941944444444445	MG	Brasil
mmpaop2018	2018	Rogério Amaral Bonatti	UFMG	Belo Horizonte	Belo Horizonte	-19.928055555555556	-43.941944444444445	MG	Brasil
mmpaop2018	2018	Renata Maria Abrantes Baracho	UFMG	Belo Horizonte	Belo Horizonte	-19.928055555555556	-43.941944444444445	MG	Brasil
wsdrpd2018	2018	Alexandre Ribas Semele	UFRS	Porto Alegre	Porto Alegre	-30.032777777778	-51.23	RS	Brasil
wsdrpd2018	2018	Adilson Luiz Pinto	UFSC	Florianópolis	Florianópolis	-27.593280555556	-48.553047222222	SC	Brasil
wsdrpd2018	2018	Arthur Oliveira	UFRS	Porto Alegre	Porto Alegre	-30.032777777778	-51.23	RS	Brasil
addiaa2018	2018	Guilherme Ataíde Dias	UFPB	João Pessoa	João Pessoa	-7.12	-34.88	PB	Brasil
addiaa2018	2018	Denysson Axel Ribeiro Mota	UFPB	João Pessoa	João Pessoa	-7.12	-34.88	PB	Brasil
addiaa2018	2018	André Luiz Dias de França	UFPB	João Pessoa	João Pessoa	-7.12	-34.88	PB	Brasil
addiaa2018	2018	Eduardo de Santana Medeiros Alexandre	IFPB	João Pessoa	João Pessoa	-7.12	-34.88	PB	Brasil
caodpc2018	2018	Luciana Gonçalves Silva Souza​​	UFMG	Belo Horizonte	Belo Horizonte	-19.928055555555556	-43.941944444444445	MG	Brasil
caodpc2018	2018	Izabel Antonina de Araújo​​	UFMG	Belo Horizonte	Belo Horizonte	-19.928055555555556	-43.941944444444445	MG	Brasil
caodpc2018	2018	Júlia Rocha Ribeiro	UFMG	Belo Horizonte	Belo Horizonte	-19.928055555555556	-43.941944444444445	MG	Brasil
metudt2018	2018	Denysson Axel Ribeiro Mota	UFCA	Juazeiro do Norte	Juazeiro do Norte	-7.2127777777778	-39.315	CE	Brasil
metudt2018	2018	Gracy Kelli Martins	UFPB	João Pessoa	João Pessoa	-7.12	-34.88	PB	Brasil
rdddpa2022	2022	Letícia Guarany Bonetti	UFSCar	São Carlos	São Carlos	-22.017777777778	-47.890833333333	SP	Brasil
rdddpa2022	2022	Ana Carolina Simionato Arakaki	UFSCar	São Carlos	São Carlos	-22.017777777778	-47.890833333333	SP	Brasil
odspnf2019	2019	Adriana Veloso Meireles	UnB	Brasília	Brasília	-15.793888888889	-47.882777777778	DF	Brasil
acdiea2018	2018	Gracielle Mendonça Rodrigues Gomes	UFMG	Belo Horizonte	Belo Horizonte	-19.928055555555556	-43.941944444444445	MG	Brasil
acdiea2018	2018	Marcello Mundim Rodrigues	UFMG	Belo Horizonte	Belo Horizonte	-19.928055555555556	-43.941944444444445	MG	Brasil
